[
    {
        "model": "recipes.ingredienttype",
        "pk": 1,
        "fields": {
            "name": "Fruit/Vegetables"
        }
    },
    {
        "model": "recipes.ingredienttype",
        "pk": 2,
        "fields": {
            "name": "Meat"
        }
    },
    {
        "model": "recipes.ingredienttype",
        "pk": 3,
        "fields": {
            "name": "Bakery"
        }
    },
    {
        "model": "recipes.ingredienttype",
        "pk": 4,
        "fields": {
            "name": "Refridgerated"
        }
    },
    {
        "model": "recipes.ingredienttype",
        "pk": 5,
        "fields": {
            "name": "Pantry"
        }
    },
    {
        "model": "recipes.ingredient",
        "pk": 1,
        "fields": {
            "name": "Lamb Shank",
            "ingredient_type": 2,
            "shelf_life": "5 00:00:00"
        }
    },
    {
        "model": "recipes.ingredient",
        "pk": 2,
        "fields": {
            "name": "Sourdough Vienna Loaf",
            "ingredient_type": 3,
            "shelf_life": "5 00:00:00"
        }
    },
    {
        "model": "recipes.ingredient",
        "pk": 3,
        "fields": {
            "name": "Butter",
            "ingredient_type": 4,
            "shelf_life": "30 00:00:00"
        }
    },
    {
        "model": "recipes.ingredient",
        "pk": 4,
        "fields": {
            "name": "Garlic",
            "ingredient_type": 1,
            "shelf_life": "14 00:00:00"
        }
    },
    {
        "model": "recipes.ingredient",
        "pk": 5,
        "fields": {
            "name": "fresh flat-leaf parsley leaves",
            "ingredient_type": 1,
            "shelf_life": "7 00:00:00"
        }
    },
    {
        "model": "recipes.recipe",
        "pk": 1,
        "fields": {
            "name": "Easy Garlic Bread",
            "introduction": "This simple garlic bread recipe is a match made in heaven for all kinds of pasta dishes",
            "serves": 8
        }
    },
    {
        "model": "recipes.recipestep",
        "pk": 1,
        "fields": {
            "recipe": 1,
            "number": 1,
            "text": "Preheat oven to 200C/180C fan-forced"
        }
    },
    {
        "model": "recipes.recipestep",
        "pk": 2,
        "fields": {
            "recipe": 1,
            "number": 2,
            "text": "Cut bread into 1.5cm-thick slices, being careful not to cut the whole way through. Place butter, garlic and parsley in a bowl. Mash with a fork until combined. Season with salt and pepper."
        }
    },
    {
        "model": "recipes.recipestep",
        "pk": 3,
        "fields": {
            "recipe": 1,
            "number": 3,
            "text": "Spread each cut side of bread with butter mixture. Wrap bread in foil. Place on a baking tray. Bake for 15 minutes or until butter mixture has melted. Unwrap garlic bread. Bake for a further 5 minutes or until golden and crisp. Serve."
        }
    },
    {
        "model": "recipes.recipeingredient",
        "pk": 1,
        "fields": {
            "recipe": 1,
            "ingredient": 2,
            "quantity": 450,
            "unit": "grams",
            "adjective": "",
            "notes": ""
        }
    },
    {
        "model": "recipes.recipeingredient",
        "pk": 2,
        "fields": {
            "recipe": 1,
            "ingredient": 3,
            "quantity": 125,
            "unit": "grams",
            "adjective": "softened",
            "notes": ""
        }
    },
    {
        "model": "recipes.recipeingredient",
        "pk": 3,
        "fields": {
            "recipe": 1,
            "ingredient": 4,
            "quantity": 5,
            "unit": "cloves",
            "adjective": "crushed",
            "notes": ""
        }
    },
    {
        "model": "recipes.recipeingredient",
        "pk": 4,
        "fields": {
            "recipe": 1,
            "ingredient": 5,
            "quantity": 2,
            "unit": "tablespoons",
            "adjective": "roughly chopped",
            "notes": ""
        }
    },
    {
        "model": "recipes.recipe",
        "pk": 2,
        "fields": {
            "name": "Chocolate Dipped Pretzels",
            "introduction": "Super simple and just 3 ingredients!",
            "serves": "50"
        }
    },
    {
        "model": "recipes.recipestep",
        "pk": 4,
        "fields": {
            "recipe": 2,
            "number": 1,
            "text": "Heat dark chocolate and peanut butter in a glass bowl over boiling water."
        }
    },
    {
        "model": "recipes.recipestep",
        "pk": 5,
        "fields": {
            "recipe": 2,
            "number": 2,
            "text": "When chocolate and peanut butter has melted, dip in pretzels."
        }
    },
    {
        "model": "recipes.recipestep",
        "pk": 6,
        "fields": {
            "recipe": 2,
            "number": 3,
            "text": "Rest chocolate-dipped pretzels on greaseproof paper and refrigerate 1 hour or until chocolate has hardened."
        }
    },
    {
        "model": "recipes.ingredient",
        "pk": 6,
        "fields": {
            "name": "Dark chocolate",
            "ingredient_type": 5,
            "shelf_life": "365 00:00:00"
        }
    },
    {
        "model": "recipes.recipeingredient",
        "pk": 5,
        "fields": {
            "recipe": 2,
            "ingredient": 6,
            "quantity": 0.5,
            "unit": "block",
            "adjective": "",
            "notes": ""
        }
    },
    {
        "model": "recipes.ingredient",
        "pk": 7,
        "fields": {
            "name": "Kraft peanut butter",
            "ingredient_type": 5,
            "shelf_life": "365 00:00:00"
        }
    },
    {
        "model": "recipes.recipeingredient",
        "pk": 6,
        "fields": {
            "recipe": 2,
            "ingredient": 7,
            "quantity": 1,
            "unit": "tbs",
            "adjective": "",
            "notes": ""
        }
    },
    {
        "model": "recipes.ingredient",
        "pk": 8,
        "fields": {
            "name": "Pretzels",
            "ingredient_type": 3,
            "shelf_life": "7 00:00:00"
        }
    },
    {
        "model": "recipes.recipeingredient",
        "pk": 7,
        "fields": {
            "recipe": 2,
            "ingredient": 8,
            "quantity": 50,
            "unit": "",
            "adjective": "",
            "notes": ""
        }
    },
    {
        "model": "recipes.recipe",
        "pk": 3,
        "fields": {
            "name": "Lamb Parcels",
            "introduction": "Quick, delicious and simple lamb dish.",
            "serves": 4
        }
    },
    {
        "model": "recipes.recipestep",
        "pk": 7,
        "fields": {
            "recipe": 3,
            "number": 1,
            "text": "Spray 4 pieces of foil lightly with oil"
        }
    },
    {
        "model": "recipes.recipestep",
        "pk": 8,
        "fields": {
            "recipe": 3,
            "number": 2,
            "text": "Liberally coat each shank with soup mix"
        }
    },
    {
        "model": "recipes.recipestep",
        "pk": 9,
        "fields": {
            "recipe": 3,
            "number": 3,
            "text": "Wrap in foil and place in casserole dish."
        }
    },
    {
        "model": "recipes.recipestep",
        "pk": 9,
        "fields": {
            "recipe": 3,
            "number": 4,
            "text": "Bake at 180C for 30-45 minutes, checking after approximately 30 minutes."
        }
    },
    {
        "model": "recipes.ingredient",
        "pk": 8,
        "fields": {
            "name": "French onion instant soup",
            "ingredient_type": 5,
            "shelf_life": "730 00:00:00"
        }
    },
    {
        "model": "recipes.recipeingredient",
        "pk": 8,
        "fields": {
            "recipe": 3,
            "ingredient": 1,
            "quantity": 4,
            "unit": "",
            "adjective": "trimmed",
            "notes": ""
        }
    },
    {
        "model": "recipes.recipeingredient",
        "pk": 9,
        "fields": {
            "recipe": 3,
            "ingredient": 8,
            "quantity": 50,
            "unit": "grams",
            "adjective": "",
            "notes": ""
        }
    },
    {
        "model": "recipes.recipe",
        "pk": 4,
        "fields": {
            "name": "Oven Chips",
            "introduction": "Quick to make and delicious!",
            "serves": 6
        }
    },
    {
        "model": "recipes.recipestep",
        "pk": 10,
        "fields": {
            "recipe": 4,
            "number": 1,
            "text": "Preheat oven to 220C"
        }
    },
    {
        "model": "recipes.recipestep",
        "pk": 11,
        "fields": {
            "recipe": 4,
            "number": 2,
            "text": "Cut potatioes iunto slices approximately 1 cm thick"
        }
    },
    {
        "model": "recipes.recipestep",
        "pk": 12,
        "fields": {
            "recipe": 4,
            "number": 3,
            "text": "Soak chips in cold water for 10 minutes, drain well, then pat dry with paper towles"
        }
    },
    {
        "model": "recipes.recipestep",
        "pk": 13,
        "fields": {
            "recipe": 4,
            "number": 4,
            "text": "Spread chips onto baking tray, sprinkle with oil. Toss to coat."
        }
    },
    {
        "model": "recipes.recipestep",
        "pk": 11,
        "fields": {
            "recipe": 4,
            "number": 5,
            "text": "Bake for 45-55 minutes until golden and crisp, turning occasionally."
        }
    },
    {
        "model": "recipes.ingredient",
        "pk": 9,
        "fields": {
            "name": "Potatoes",
            "ingredient_type": 1,
            "shelf_life": "60 00:00:00"
        }
    },
    {
        "model": "recipes.ingredient",
        "pk": 10,
        "fields": {
            "name": "Olive Oil",
            "ingredient_type": 5,
            "shelf_life": "180 00:00:00"
        }
    },
    {
        "model": "recipes.recipeingredient",
        "pk": 10,
        "fields": {
            "recipe": 4,
            "ingredient": 9,
            "quantity": 6,
            "unit": "",
            "adjective": "",
            "notes": ""
        }
    },
    {
        "model": "recipes.recipeingredient",
        "pk": 11,
        "fields": {
            "recipe": 4,
            "ingredient": 10,
            "quantity": 3,
            "unit": "tablespoons",
            "adjective": "",
            "notes": ""
        }
    },
    {
        "model": "recipes.recipe",
        "pk": 5,
        "fields": {
            "name": "Sizzling Cheese Bread",
            "introduction": "Ever go to Sizzler just for the bread? Well this simple recipe is just as good and is so simple to make.",
            "serves": 1
        }
    },
    {
        "model": "recipes.recipestep",
        "pk": 12,
        "fields": {
            "recipe": 5,
            "number": 1,
            "text": "Melt butter and spread over bread"
        }
    },
    {
        "model": "recipes.recipestep",
        "pk": 13,
        "fields": {
            "recipe": 5,
            "number": 2,
            "text": "Shake a generous amount of parmesan cheese onto the bread and press lightly so it sticks"
        }
    },
    {
        "model": "recipes.recipestep",
        "pk": 14,
        "fields": {
            "recipe": 5,
            "number": 3,
            "text": "Heat some oil in a frying pan and place the bread in the pan cheese side down. Cook for approximately 45 seconds."
        }
    },
    {
        "model": "recipes.ingredient",
        "pk": 11,
        "fields": {
            "name": "white bread",
            "ingredient_type": 3,
            "shelf_life": "7 00:00:00"
        }
    },
    {
        "model": "recipes.ingredient",
        "pk": 12,
        "fields": {
            "name": "parmesan cheese",
            "ingredient_type": 4,
            "shelf_life": "60 00:00:00"
        }
    },
    {
        "model": "recipes.recipeingredient",
        "pk": 12,
        "fields": {
            "recipe": 5,
            "ingredient": 11,
            "quantity": 1,
            "unit": "slice",
            "adjective": "thick",
            "notes": ""
        }
    },
    {
        "model": "recipes.recipeingredient",
        "pk": 13,
        "fields": {
            "recipe": 5,
            "ingredient": 3,
            "quantity": 0.5,
            "unit": "tablespoons",
            "adjective": "",
            "notes": ""
        }
    },
    {
        "model": "recipes.recipeingredient",
        "pk": 14,
        "fields": {
            "recipe": 5,
            "ingredient": 12,
            "quantity": 0.5,
            "unit": "cup",
            "adjective": "",
            "notes": ""
        }
    },
    {
        "model": "recipes.recipe",
        "pk": 6,
        "fields": {
            "name": "Chinese Pork Mince Stir-Fry",
            "introduction": "This is a weekly staple at our house, because I can whip it up in no time.",
            "serves": 4
        }
    },
    {
        "model": "recipes.ingredient",
        "pk": 13,
        "fields": {
            "name": "Chili",
            "ingredient_type": 1,
            "shelf_life": "7 00:00:00"
        }
    },
    {
        "model": "recipes.ingredient",
        "pk": 14,
        "fields": {
            "name": "ginger",
            "ingredient_type": 1,
            "shelf_life": "120 00:00:00"
        }
    },
    {
        "model": "recipes.ingredient",
        "pk": 15,
        "fields": {
            "name": "sesame oil",
            "ingredient_type": 5,
            "shelf_life": "365 00:00:00"
        }
    },
    {
        "model": "recipes.ingredient",
        "pk": 16,
        "fields": {
            "name": "Pork Mince",
            "ingredient_type": 2,
            "shelf_life": "7 00:00:00"
        }
    },
    {
        "model": "recipes.ingredient",
        "pk": 17,
        "fields": {
            "name": "Sprint Onions",
            "ingredient_type": 1,
            "shelf_life": "7 00:00:00"
        }
    },
    {
        "model": "recipes.ingredient",
        "pk": 18,
        "fields": {
            "name": "brown sugar",
            "ingredient_type": 5,
            "shelf_life": "730 00:00:00"
        }
    },
    {
        "model": "recipes.ingredient",
        "pk": 19,
        "fields": {
            "name": "soy sauce",
            "ingredient_type": 5,
            "shelf_life": "730 00:00:00"
        }
    },
    {
        "model": "recipes.ingredient",
        "pk": 20,
        "fields": {
            "name": "oyster sauce",
            "ingredient_type": 5,
            "shelf_life": "365 00:00:00"
        }
    },
    {
        "model": "recipes.ingredient",
        "pk": 21,
        "fields": {
            "name": "green beans",
            "ingredient_type": 1,
            "shelf_life": "7 00:00:00"
        }
    },
    {
        "model": "recipes.ingredient",
        "pk": 22,
        "fields": {
            "name": "peanuts",
            "ingredient_type": 5,
            "shelf_life": "120 00:00:00"
        }
    },
    {
        "model": "recipes.ingredient",
        "pk": 23,
        "fields": {
            "name": "basil",
            "ingredient_type": 1,
            "shelf_life": "7 00:00:00"
        }
    },
    {
        "model": "recipes.recipeingredient",
        "pk": 15,
        "fields": {
            "recipe": 6,
            "ingredient": 4,
            "quantity": 2,
            "unit": "cloves",
            "adjective": "crushed",
            "notes": ""
        }
    },
    {
        "model": "recipes.recipeingredient",
        "pk": 16,
        "fields": {
            "recipe": 6,
            "ingredient": 13,
            "quantity": 1,
            "unit": "whole",
            "adjective": "thinly sliced",
            "notes": "fresh"
        }
    },
    {
        "model": "recipes.recipeingredient",
        "pk": 17,
        "fields": {
            "recipe": 6,
            "ingredient": 14,
            "quantity": 1,
            "unit": "tbs",
            "adjective": "finely chopped",
            "notes": ""
        }
    },
    {
        "model": "recipes.recipeingredient",
        "pk": 18,
        "fields": {
            "recipe": 6,
            "ingredient": 15,
            "quantity": 2,
            "unit": "tsp",
            "adjective": "",
            "notes": ""
        }
    },
    {
        "model": "recipes.recipeingredient",
        "pk": 19,
        "fields": {
            "recipe": 6,
            "ingredient": 16,
            "quantity": 500,
            "unit": "grams",
            "adjective": "",
            "notes": ""
        }
    },
    {
        "model": "recipes.recipeingredient",
        "pk": 20,
        "fields": {
            "recipe": 6,
            "ingredient": 17,
            "quantity": 3,
            "unit": "",
            "adjective": "sliced",
            "notes": ""
        }
    },
    {
        "model": "recipes.recipeingredient",
        "pk": 21,
        "fields": {
            "recipe": 6,
            "ingredient": 18,
            "quantity": 2,
            "unit": "tsp",
            "adjective": "",
            "notes": ""
        }
    },
    {
        "model": "recipes.recipeingredient",
        "pk": 22,
        "fields": {
            "recipe": 6,
            "ingredient": 19,
            "quantity": 2,
            "unit": "tbs",
            "adjective": "",
            "notes": ""
        }
    },
    {
        "model": "recipes.recipeingredient",
        "pk": 23,
        "fields": {
            "recipe": 6,
            "ingredient": 20,
            "quantity": 2,
            "unit": "tbs",
            "adjective": "",
            "notes": ""
        }
    },
    {
        "model": "recipes.recipeingredient",
        "pk": 24,
        "fields": {
            "recipe": 6,
            "ingredient": 21,
            "quantity": 250,
            "unit": "grams",
            "adjective": "fresh",
            "notes": "cut lengthways"
        }
    },
    {
        "model": "recipes.recipeingredient",
        "pk": 25,
        "fields": {
            "recipe": 6,
            "ingredient": 22,
            "quantity": 30,
            "unit": "grams",
            "adjective": "chopped",
            "notes": "unsalted"
        }
    },
    {
        "model": "recipes.recipeingredient",
        "pk": 26,
        "fields": {
            "recipe": 6,
            "ingredient": 23,
            "quantity": 3,
            "unit": "tbs",
            "adjective": "fresh",
            "notes": ""
        }
    },
    {
        "model": "recipes.recipestep",
        "pk": 15,
        "fields": {
            "recipe": 6,
            "number": 3,
            "text": "Cook for a minute or so, then add the pork mince. Once pork is cooked, add green beans and stir fry"
        }
    },
    {
        "model": "recipes.recipestep",
        "pk": 16,
        "fields": {
            "recipe": 6,
            "number": 2,
            "text": "Heat a non-stick wok over high heat and add oil. Once oil is hot, add garlic, ginger, chilli and spring onions and stor."
        }
    },
    {
        "model": "recipes.recipestep",
        "pk": 17,
        "fields": {
            "recipe": 6,
            "number": 1,
            "text": "Combine chilli, ginger and garlic in a bowl. Cut green beans into 5cm lengths."
        }
    },
    {
        "model": "recipes.recipestep",
        "pk": 18,
        "fields": {
            "recipe": 6,
            "number": 4,
            "text": "Whiel beans are still crips, add sugar, soy sauce, oyster sauce and 2 tablespoons of water"
        }
    },
    {
        "model": "recipes.recipestep",
        "pk": 19,
        "fields": {
            "recipe": 6,
            "number": 6,
            "text": "Finally add peanuts and fresh basil, and serve immediately with jasmine rice"
        }
    },
    {
        "model": "recipes.recipestep",
        "pk": 20,
        "fields": {
            "recipe": 6,
            "number": 5,
            "text": "Allow to cook for a further 2 minutres or until the sauce has reduced a little"
        }
    }
]
